documento_id,nivel,citacoes
gen_n1_001,1,"469,498,incompleta,-|589,652,incompleta,-|797,820,inventada,-|951,985,inventada,-|1398,1479,incompleta,-|1928,1963,real,5665364632|2463,2508,incompleta,-|2901,2914,inventada,-|3058,3114,incompleta,-|3252,3287,real,6689204911"
gen_n1_002,1,"651,709,incompleta,-|845,898,incompleta,-|1052,1065,inventada,-|1464,1501,real,3576055165|1613,1643,real,1922829498|2133,2153,real,1289712966|2308,2350,real,2678821961|2889,2934,incompleta,-|3364,3396,inventada,-"
gen_n1_003,1,"577,593,real,2108020112|1041,1076,incompleta,-|1193,1235,inventada,-|1677,1695,real,2939285691|2106,2143,incompleta,-|2308,2380,incompleta,-|2480,2522,inventada,-|3034,3060,real,3445761877|3204,3223,real,28893055"
gen_n1_004,1,"460,492,inventada,-|964,1013,incompleta,-|1435,1450,inventada,-|1571,1603,real,2161632985|2005,2040,real,6688597116|2508,2540,real,10590194|2639,2671,real,6689057510"
gen_n1_005,1,"534,569,incompleta,-|689,733,incompleta,-|848,874,real,2684964055|1030,1071,real,1659996497|1532,1558,real,2684902370|2039,2104,incompleta,-|2668,2681,inventada,-|3146,3179,incompleta,-"
gen_n1_006,1,"505,536,real,469077298|657,709,real,375394498|1163,1194,real,1891499398|1331,1364,incompleta,-|1818,1856,inventada,-|1991,2051,incompleta,-|2188,2201,inventada,-|2684,2712,inventada,-|3086,3119,real,1888419216"
gen_n1_007,1,"531,572,real,10626510|946,968,real,2679568224|1422,1483,incompleta,-|1636,1652,inventada,-|1732,1764,inventada,-|1902,1937,incompleta,-|2360,2426,incompleta,-|2892,2909,real,1915411069|3028,3051,inventada,-"
gen_n1_008,1,"558,603,real,10710324|702,746,incompleta,-|888,933,real,653841135|1341,1378,real,861411570|1831,1844,inventada,-|2332,2347,real,10647746|2427,2462,incompleta,-|2952,2996,incompleta,-|3099,3116,real,1431369957|3238,3251,inventada,-"
gen_n1_009,1,"616,686,real,1480058767|910,955,incompleta,-|1386,1403,real,3584971504|1921,1934,inventada,-|2449,2533,real,3360644937|2968,2985,inventada,-|3065,3098,real,5533262570|3220,3235,inventada,-|3401,3465,real,6576893354|3603,3635,real,2563032738"
gen_n1_010,1,"477,494,inventada,-|933,949,real,2566417138|1124,1159,incompleta,-|1612,1629,real,1289711022|2140,2172,real,2684945476|2556,2588,real,3444970751|2748,2777,real,2549257337|2918,2931,inventada,-|3049,3107,real,2107673016|3235,3251,inventada,-"
gen_n1_011,1,"502,523,inventada,-|670,728,incompleta,-|1216,1242,real,2679580316|1710,1746,real,10641516|2204,2220,inventada,-|2363,2421,incompleta,-|2828,2851,inventada,-"
gen_n1_012,1,"574,605,real,862182008|1119,1143,real,10637358|1218,1243,real,867328396|1412,1428,inventada,-|1891,1914,inventada,-|2043,2085,real,867273442|2519,2558,incompleta,-|2970,2986,real,2785081280|3135,3170,real,2428195275|3317,3330,inventada,-"
gen_n1_013,1,"548,602,incompleta,-|1041,1064,inventada,-|1484,1532,incompleta,-|1629,1676,real,11304039|2109,2183,incompleta,-|2319,2336,inventada,-|2532,2603,real,1931806554|2973,3002,real,16794531"
gen_n2_001,2,"544,563,inventada,-|972,989,inventada,-|1194,1244,incompleta,-|1707,1742,real,192165489|2220,2237,inventada,-|2343,2407,incompleta,-|2528,2566,real,2685013495|2976,3045,real,6304461308"
gen_n2_002,2,"670,736,incompleta,-|1225,1242,real,1289710776|1399,1441,incompleta,-|1901,1970,incompleta,-|2508,2529,inventada,-|2995,3038,real,10626510|3202,3229,real,1915411053"
gen_n2_003,2,"613,668,incompleta,-|736,789,real,861411580|1289,1314,real,392669042|1726,1745,inventada,-|1847,1863,inventada,-|2009,2060,incompleta,-|2559,2578,inventada,-|2988,3027,real,861411566"
gen_n2_004,2,"507,545,incompleta,-|1014,1045,inventada,-|1463,1478,inventada,-|1899,1947,incompleta,-|2055,2092,real,1887816799|2244,2286,real,369460073|2390,2418,inventada,-|2871,2900,incompleta,-"
gen_n2_005,2,"574,601,inventada,-|979,1011,incompleta,-|1122,1175,incompleta,-|1617,1669,incompleta,-|1765,1793,inventada,-|1901,1935,real,2813052232|2388,2466,incompleta,-|2959,3011,real,862014739|3172,3212,real,10641213"
gen_n2_006,2,"494,560,incompleta,-|681,708,real,10577194|857,891,inventada,-|992,1033,real,1888340642|1468,1496,real,1888089426|1928,1980,incompleta,-|2402,2430,inventada,-|2893,2947,incompleta,-|3026,3097,incompleta,-"
gen_n2_007,2,"514,547,real,2382656124|955,986,inventada,-|1416,1451,incompleta,-|1549,1587,inventada,-|1818,1833,inventada,-|1972,2005,real,2383009176|2100,2121,inventada,-|2519,2553,real,2382852256|2896,2931,incompleta,-"
gen_n2_008,2,"648,687,incompleta,-|1206,1241,inventada,-|1711,1755,incompleta,-|1898,1932,real,3360644282|2384,2400,inventada,-|2931,2980,incompleta,-|3051,3078,real,2849473714"
gen_n2_009,2,"539,568,real,3347738001|725,762,real,3375797414|883,915,inventada,-|1025,1076,incompleta,-|1188,1208,inventada,-|1614,1640,real,6490934118|1771,1786,real,2549252487|2227,2257,real,524699160|2727,2775,incompleta,-|3263,3283,real,3347737758"
gen_n2_010,2,"579,604,inventada,-|1164,1194,real,2107883738|1640,1666,real,10718759|2107,2148,real,10606184|2626,2687,incompleta,-|2841,2873,real,2106317594|2963,3007,real,2684973273"
gen_n2_011,2,"671,687,real,1289710642|802,821,inventada,-|968,988,real,3580782436|1120,1151,inventada,-|1270,1289,inventada,-|1871,1888,inventada,-|2313,2362,real,5900603362|2473,2517,real,2108195032|2934,2972,inventada,-|3430,3462,incompleta,-"
gen_n2_012,2,"481,507,real,2674928810|629,668,incompleta,-|1082,1155,incompleta,-|1282,1299,inventada,-|1438,1475,incompleta,-|1603,1627,inventada,-|2089,2124,real,10652044|2540,2563,real,2106305320|2695,2718,inventada,-|3158,3174,real,2675221299"
gen_n2_013,2,"516,554,real,2382484994|1011,1049,incompleta,-|1375,1448,incompleta,-|1883,1913,real,1477658218|2055,2075,inventada,-|2191,2226,real,2733853490|2698,2733,incompleta,-"
